rank,first_name,last_name,arrive date,depart date,airport,state
1,George,Adams,9/20/16,9/23/16,SFO,CA
2,Deborah,Hicks,9/19/16,9/23/16,CLE,OH
3,Sandra,Burke,9/20/16,9/23/16,CLE,OH
4,Kathy,Alvarez,9/19/16,9/23/16,SFO,CA
5,Aaron,Roberts,9/19/16,9/23/16,SAN,CA
6,Mary,Reid,9/20/16,9/23/16,AUS,TX
7,Todd,Mills,9/20/16,9/23/16,ATL,GA
8,Cheryl,Graham,9/19/16,9/23/16,AUS,TX
9,Steven,Barnes,9/19/16,9/23/16,CLE,OH
10,Ann,Phillips,9/19/16,9/23/16,SAN,CA
11,Anna,Lane,9/20/16,9/23/16,ORD,IL
12,Shirley,Johnson,9/20/16,9/23/16,SAN,CA
13,Lillian,Davis,9/20/16,9/23/16,AUS,TX
14,Brandon,Miller,9/20/16,9/23/16,SFO,CA
15,Janice,Hansen,9/19/16,9/23/16,ORD,IL
16,Harold,Shaw,9/20/16,9/23/16,AUS,TX
17,Marie,Lee,9/20/16,9/23/16,AUS,TX
18,Samuel,Moore,9/20/16,9/23/16,ATL,GA
19,Brenda,Franklin,9/20/16,9/23/16,AUS,TX
20,Amy,Ray,9/20/16,9/23/16,SFO,CA
21,Betty,Morris,9/19/16,9/23/16,PDX,OR
22,Patricia,Knight,9/20/16,9/23/16,CLE,OH
23,Rachel,Dixon,9/20/16,9/23/16,JFK,NY
24,Patricia,Kelley,9/19/16,9/23/16,ORD,IL
25,Raymond,Alvarez,9/20/16,9/23/16,AUS,TX
26,Jack,Lane,9/19/16,9/23/16,CLE,OH
27,Christopher,Black,9/19/16,9/23/16,ORD,IL
28,Martin,Hunt,9/20/16,9/23/16,JFK,NY
29,Jennifer,Griffin,9/19/16,9/23/16,SAN,CA
30,David,Simpson,9/20/16,9/23/16,ATL,GA
31,Gregory,Simpson,9/20/16,9/23/16,SFO,CA
32,Harold,Mitchell,9/20/16,9/23/16,AUS,TX
33,Shawn,Hansen,9/20/16,9/23/16,PDX,OR
34,Evelyn,Carroll,9/20/16,9/23/16,JFK,NY
35,Anna,Webb,9/20/16,9/23/16,AUS,TX
36,Julie,Hunter,9/20/16,9/23/16,SFO,CA
37,Patricia,Sanders,9/19/16,9/23/16,ORD,CA
38,Wanda,Franklin,9/20/16,9/23/16,CLE,OH
39,Jane,Myers,9/20/16,9/23/16,LAX,CA
40,Fred,Washington,9/19/16,9/23/16,PDX,OR
41,Chris,Palmer,9/20/16,9/23/16,JFK,NY
42,Phyllis,Gardner,9/19/16,9/23/16,PDX,OR
43,Albert,Collins,9/19/16,9/23/16,LAX,CA
44,Albert,Palmer,9/19/16,9/23/16,SAN,CA
45,Janice,Matthews,9/19/16,9/23/16,JFK,NY
46,Annie,Bryant,9/19/16,9/23/16,SAN,CA
47,Jennifer,Griffin,9/20/16,9/23/16,ATL,GA
48,Beverly,Hill,9/19/16,9/23/16,CLE,OH
49,Brandon,Payne,9/20/16,9/23/16,LAX,CA
50,Jonathan,Morgan,9/20/16,9/23/16,JFK,NY
51,Laura,Holmes,9/20/16,9/23/16,LAX,CA
52,Sarah,Hamilton,9/20/16,9/23/16,LAX,CA
53,Laura,Washington,9/19/16,9/23/16,SFO,CA
54,Emily,Lynch,9/20/16,9/23/16,ORD,IL
55,Ruby,Martin,9/19/16,9/23/16,JFK,NY
56,Lawrence,Watson,9/19/16,9/23/16,AUS,TX
57,Walter,White,9/20/16,9/23/16,AUS,TX
58,Cheryl,Ellis,9/19/16,9/23/16,ORD,IL
59,Kenneth,Henderson,9/19/16,9/23/16,SAN,CA
60,Philip,Green,9/20/16,9/23/16,LAX,CA
61,Deborah,Hansen,9/19/16,9/23/16,LAX,CA
62,Ruth,Clark,9/19/16,9/23/16,AUS,TX
63,Daniel,Young,9/20/16,9/23/16,LAX,CA
64,Anne,Chapman,9/20/16,9/23/16,CLE,OH
65,Shirley,Rivera,9/20/16,9/23/16,AUS,TX
66,Albert,Garrett,9/20/16,9/23/16,JFK,NY
67,Carol,Sims,9/20/16,9/23/16,LAX,CA
68,Louis,Hernandez,9/20/16,9/23/16,AUS,TX
69,Brandon,Cook,9/19/16,9/23/16,JFK,NY
70,Steve,Moore,9/19/16,9/23/16,AUS,TX
71,Peter,Bryant,9/20/16,9/23/16,PDX,OR
72,George,Martin,9/19/16,9/23/16,AUS,TX
73,Brenda,Hicks,9/19/16,9/23/16,SAN,CA
74,Christina,Gordon,9/19/16,9/23/16,PDX,OR
75,Clarence,Jordan,9/19/16,9/23/16,LAX,CA
76,William,Chavez,9/20/16,9/23/16,SAN,CA
77,Stephen,Brooks,9/20/16,9/23/16,PDX,OR
78,Joyce,Richardson,9/19/16,9/23/16,PDX,OR
79,Louise,Ramirez,9/19/16,9/23/16,ATL,GA
80,Julie,Rivera,9/20/16,9/23/16,CLE,OH
81,Diane,Myers,9/20/16,9/23/16,JFK,NY
82,Jessica,Wood,9/20/16,9/23/16,PDX,OR
83,Paul,Ryan,9/19/16,9/23/16,ORD,IL
84,Ruth,Scott,9/20/16,9/23/16,ORD,IL
85,Jose,Brooks,9/19/16,9/23/16,SAN,CA
86,Eric,Foster,9/20/16,9/23/16,ATL,GA
87,Katherine,Martin,9/20/16,9/23/16,ORD,IL
88,Larry,Austin,9/19/16,9/23/16,PDX,TX
89,Walter,Weaver,9/20/16,9/23/16,JFK,NY
90,Sarah,Mills,9/20/16,9/23/16,SAN,CA
91,Irene,Cunningham,9/20/16,9/23/16,SAN,CA
92,Teresa,Bowman,9/20/16,9/23/16,LAX,CA
93,John,Jacobs,9/20/16,9/23/16,JFK,NY
94,Carlos,Ford,9/19/16,9/23/16,LAX,CA
95,Margaret,Matthews,9/20/16,9/23/16,AUS,TX
96,Gloria,Johnson,9/20/16,9/23/16,SAN,CA
97,Jason,Bowman,9/20/16,9/23/16,CLE,OH
98,Jennifer,Baker,9/20/16,9/23/16,AUS,TX
99,Harry,Jenkins,9/20/16,9/23/16,PDX,OR
100,Diana,Martin,9/20/16,9/23/16,ATL,GA
101,Willie,Sullivan,9/19/16,9/23/16,LAX,CA
102,Donald,Fields,9/19/16,9/23/16,AUS,TX
103,Christopher,Gonzalez,9/20/16,9/23/16,ATL,GA
104,Amy,Stewart,9/20/16,9/23/16,ATL,GA
105,Howard,Carroll,9/19/16,9/23/16,ORD,IL
106,Dorothy,Garza,9/20/16,9/23/16,ORD,IL
107,Melissa,Reyes,9/19/16,9/23/16,ATL,GA
108,Douglas,Gibson,9/20/16,9/23/16,LAX,CA
109,Patricia,Ward,9/19/16,9/23/16,JFK,NY
110,Daniel,James,9/20/16,9/23/16,SAN,CA
111,Bonnie,Hall,9/19/16,9/23/16,ORD,IL
112,Harry,Johnson,9/19/16,9/23/16,LAX,CA
113,Gloria,Diaz,9/19/16,9/23/16,LAX,CA
114,Steve,Ward,9/20/16,9/23/16,SFO,CA
115,Andrew,Howard,9/19/16,9/23/16,AUS,TX
116,Emily,Banks,9/19/16,9/23/16,ATL,GA
117,Theresa,Bailey,9/20/16,9/23/16,AUS,TX
118,Bobby,Frazier,9/20/16,9/23/16,LAX,CA
119,Johnny,Gonzalez,9/19/16,9/23/16,JFK,NY
120,Randy,Bell,9/19/16,9/23/16,ORD,IL
121,Lillian,Kennedy,9/19/16,9/23/16,CLE,OH
122,Louis,Taylor,9/19/16,9/23/16,SAN,CA
123,Terry,Bryant,9/19/16,9/23/16,AUS,TX
124,Tammy,Duncan,9/19/16,9/23/16,PDX,OR
125,Pamela,Richards,9/20/16,9/23/16,SFO,CA
126,Samuel,Rice,9/19/16,9/23/16,LAX,CA
127,Denise,Hunt,9/19/16,9/23/16,AUS,TX
128,Heather,Fox,9/20/16,9/23/16,ORD,IL
129,Donald,Sullivan,9/19/16,9/23/16,JFK,NY
130,Pamela,Carter,9/19/16,9/23/16,JFK,NY
131,Johnny,Allen,9/20/16,9/23/16,SFO,CA
132,Gregory,Bell,9/20/16,9/23/16,PDX,OR
133,Jacqueline,Smith,9/19/16,9/23/16,PDX,OR
134,Kathleen,Hansen,9/20/16,9/23/16,PDX,OR
135,Diane,Porter,9/19/16,9/23/16,CLE,OH
136,Rose,Shaw,9/19/16,9/23/16,SFO,CA
137,Jeffrey,Bennett,9/19/16,9/23/16,AUS,TX
138,Teresa,Richardson,9/20/16,9/23/16,ORD,IL
139,Christina,Snyder,9/20/16,9/23/16,AUS,TX
140,Barbara,James,9/20/16,9/23/16,SAN,CA
141,Paula,Nelson,9/19/16,9/23/16,JFK,NY
142,Virginia,Crawford,9/19/16,9/23/16,AUS,TX
143,Marie,Anderson,9/19/16,9/23/16,PDX,OR
144,Gregory,Sanders,9/20/16,9/23/16,ATL,CA
145,Amy,Martin,9/19/16,9/23/16,SFO,CA
146,Jessica,Clark,9/20/16,9/23/16,PDX,OR
147,Teresa,Gibson,9/19/16,9/23/16,LAX,CA
148,Sara,Wagner,9/20/16,9/23/16,SFO,CA
149,Brandon,Russell,9/20/16,9/23/16,SAN,CA
150,Nicole,Harvey,9/20/16,9/23/16,PDX,OR
151,Julia,Oliver,9/20/16,9/23/16,LAX,CA
152,Annie,Reynolds,9/19/16,9/23/16,CLE,OH
153,Alice,Coleman,9/20/16,9/23/16,SAN,CA
154,Frank,Fernandez,9/20/16,9/23/16,ATL,GA
155,Russell,Franklin,9/20/16,9/23/16,SAN,CA
156,George,Powell,9/19/16,9/23/16,SAN,CA
157,Christopher,Wagner,9/20/16,9/23/16,SFO,CA
158,Karen,Gutierrez,9/19/16,9/23/16,PDX,OR
159,Janet,King,9/19/16,9/23/16,AUS,TX
160,Frank,Kelly,9/20/16,9/23/16,SAN,CA
161,Amy,Tucker,9/20/16,9/23/16,JFK,NY
162,Joan,Hamilton,9/19/16,9/23/16,SFO,CA
163,Benjamin,Murray,9/20/16,9/23/16,ORD,IL
164,Deborah,Watkins,9/19/16,9/23/16,AUS,TX
165,Bobby,Carr,9/20/16,9/23/16,ORD,IL
166,Jane,Bishop,9/20/16,9/23/16,SAN,CA
167,Lois,Frazier,9/20/16,9/23/16,ORD,IL
168,Gerald,Chapman,9/19/16,9/23/16,PDX,OR
169,Evelyn,Harper,9/20/16,9/23/16,AUS,TX
170,Bobby,Barnes,9/19/16,9/23/16,LAX,CA
171,Lawrence,Nguyen,9/20/16,9/23/16,SFO,CA
172,Carolyn,Clark,9/19/16,9/23/16,SFO,CA
173,Shirley,Hansen,9/19/16,9/23/16,JFK,NY
174,Nancy,Johnston,9/20/16,9/23/16,AUS,TX
175,Thomas,Perez,9/19/16,9/23/16,LAX,CA
176,Alan,Bennett,9/19/16,9/23/16,AUS,TX
177,Andrew,Adams,9/19/16,9/23/16,ATL,GA
178,Henry,Hawkins,9/19/16,9/23/16,PDX,OR
179,Patricia,Coleman,9/19/16,9/23/16,PDX,OR
180,Ann,Ward,9/19/16,9/23/16,PDX,OR
181,Stephanie,Rose,9/20/16,9/23/16,SAN,CA
182,Sara,Howard,9/20/16,9/23/16,SFO,CA
183,Deborah,Allen,9/19/16,9/23/16,SFO,CA
184,Sara,Palmer,9/19/16,9/23/16,ATL,GA
185,Gregory,Hansen,9/20/16,9/23/16,SAN,CA
186,Beverly,Sullivan,9/19/16,9/23/16,SAN,CA
187,Lois,Green,9/19/16,9/23/16,LAX,CA
188,Diana,Porter,9/19/16,9/23/16,SAN,CA
189,Terry,Snyder,9/19/16,9/23/16,ATL,GA
190,Billy,Murray,9/20/16,9/23/16,ORD,IL
191,Heather,Stone,9/20/16,9/23/16,LAX,CA
192,Rebecca,Perkins,9/20/16,9/23/16,CLE,OH
193,Christopher,Young,9/19/16,9/23/16,ATL,GA
194,Christopher,Ray,9/19/16,9/23/16,LAX,CA
195,Marie,Harper,9/19/16,9/23/16,SAN,CA
196,Henry,Scott,9/20/16,9/23/16,SFO,CA
197,Paula,Oliver,9/20/16,9/23/16,CLE,OH
198,Annie,Wagner,9/19/16,9/23/16,CLE,OH
199,Kelly,Fernandez,9/20/16,9/23/16,AUS,TX
200,Joan,Day,9/20/16,9/23/16,ORD,IL
201,Stephen,Owens,9/19/16,9/23/16,CLE,OH
202,Victor,Carr,9/20/16,9/23/16,CLE,OH
203,Sean,Hudson,9/19/16,9/23/16,AUS,TX
204,Jeffrey,Berry,9/20/16,9/23/16,ORD,IL
205,Wayne,Fernandez,9/19/16,9/23/16,LAX,CA
206,Jesse,Boyd,9/19/16,9/23/16,CLE,OH
207,Willie,Barnes,9/19/16,9/23/16,SAN,CA
208,Billy,Morgan,9/19/16,9/23/16,SAN,CA
209,Fred,Shaw,9/20/16,9/23/16,ATL,GA
210,John,Little,9/20/16,9/23/16,LAX,CA
211,Edward,Berry,9/20/16,9/23/16,LAX,CA
212,Phyllis,Ford,9/20/16,9/23/16,ORD,IL
213,Rebecca,Russell,9/19/16,9/23/16,PDX,OR
214,Roy,Gibson,9/20/16,9/23/16,SFO,CA
215,Antonio,Wheeler,9/20/16,9/23/16,LAX,CA
216,Andrea,Bradley,9/19/16,9/23/16,AUS,TX
217,Virginia,Holmes,9/20/16,9/23/16,SAN,CA
218,Jeremy,Alvarez,9/19/16,9/23/16,ORD,IL
219,Laura,Snyder,9/20/16,9/23/16,CLE,OH
220,Jeremy,Johnson,9/20/16,9/23/16,LAX,CA
221,Patricia,Cook,9/20/16,9/23/16,AUS,TX
222,Rebecca,Bennett,9/19/16,9/23/16,SFO,CA
223,Clarence,Coleman,9/20/16,9/23/16,PDX,OR
224,Evelyn,Little,9/19/16,9/23/16,AUS,TX
225,Kathy,Richardson,9/20/16,9/23/16,CLE,OH
226,Joshua,Richards,9/20/16,9/23/16,ATL,GA
227,Janice,Pierce,9/19/16,9/23/16,CLE,OH
228,Betty,Rodriguez,9/19/16,9/23/16,SFO,CA
229,Irene,Fuller,9/20/16,9/23/16,PDX,OR
230,Eric,Garcia,9/19/16,9/23/16,CLE,OH
231,Gerald,Hernandez,9/20/16,9/23/16,CLE,OH
232,Lois,Richardson,9/20/16,9/23/16,AUS,TX
233,Samuel,Harvey,9/20/16,9/23/16,AUS,TX
234,Kelly,Brooks,9/19/16,9/23/16,JFK,NY
235,Amy,George,9/19/16,9/23/16,JFK,NY
236,Diane,Bowman,9/20/16,9/23/16,SFO,CA
237,Billy,Hughes,9/19/16,9/23/16,JFK,NY
238,Brenda,Parker,9/20/16,9/23/16,JFK,NY
239,Patricia,Ward,9/19/16,9/23/16,CLE,OH
240,Sharon,Patterson,9/19/16,9/23/16,AUS,TX
241,Melissa,Armstrong,9/19/16,9/23/16,SAN,CA
242,Mary,Murphy,9/19/16,9/23/16,SAN,CA
243,Doris,Shaw,9/19/16,9/23/16,PDX,OR
244,Ryan,Adams,9/19/16,9/23/16,CLE,OH
245,Aaron,Lynch,9/19/16,9/23/16,CLE,OH
246,Barbara,Riley,9/20/16,9/23/16,ORD,IL
247,Aaron,Larson,9/20/16,9/23/16,PDX,OR
248,Angela,Fisher,9/20/16,9/23/16,JFK,NY
249,Todd,Ray,9/20/16,9/23/16,CLE,OH
250,Annie,Hansen,9/20/16,9/23/16,ORD,IL
251,Stephanie,Anderson,9/19/16,9/23/16,CLE,OH
252,Brian,Watkins,9/20/16,9/23/16,AUS,TX
253,Todd,Medina,9/19/16,9/23/16,SAN,CA
254,Patrick,Wood,9/20/16,9/23/16,CLE,OH
255,Deborah,Armstrong,9/20/16,9/23/16,LAX,CA
256,Stephen,Hernandez,9/20/16,9/23/16,PDX,OR
257,Wanda,Howard,9/19/16,9/23/16,CLE,OH
258,Stephanie,Price,9/20/16,9/23/16,CLE,OH
259,Mark,Owens,9/19/16,9/23/16,PDX,OR
260,Anthony,Lynch,9/20/16,9/23/16,CLE,OH
261,Steven,Gutierrez,9/19/16,9/23/16,SFO,CA
262,Phyllis,Alvarez,9/20/16,9/23/16,AUS,TX
263,Beverly,Frazier,9/19/16,9/23/16,PDX,OR
264,Kelly,Marshall,9/19/16,9/23/16,PDX,OR
265,Jean,Lawrence,9/20/16,9/23/16,CLE,OH
266,Steven,Nguyen,9/20/16,9/23/16,PDX,OR
267,Kathleen,Reynolds,9/19/16,9/23/16,ATL,GA
268,Alan,Ellis,9/20/16,9/23/16,LAX,CA
269,Teresa,Hart,9/19/16,9/23/16,CLE,OH
270,Phillip,Adams,9/19/16,9/23/16,CLE,OH
271,Sean,Jacobs,9/19/16,9/23/16,ATL,GA
272,Theresa,Peterson,9/20/16,9/23/16,AUS,TX
273,Alan,Cox,9/19/16,9/23/16,SFO,CA
274,Catherine,Howard,9/19/16,9/23/16,JFK,NY
275,Jean,Thompson,9/20/16,9/23/16,CLE,OH
276,Dorothy,Ross,9/20/16,9/23/16,AUS,TX
277,Michael,Sanchez,9/20/16,9/23/16,LAX,CA
278,Amanda,Hall,9/20/16,9/23/16,PDX,OR
279,Debra,Bradley,9/19/16,9/23/16,SFO,CA
280,Betty,Grant,9/19/16,9/23/16,PDX,OR
281,Marie,Mitchell,9/20/16,9/23/16,LAX,CA
282,Kimberly,Reynolds,9/20/16,9/23/16,PDX,OR
283,Daniel,Hayes,9/19/16,9/23/16,AUS,TX
284,Heather,Oliver,9/19/16,9/23/16,CLE,OH
285,Kenneth,Rodriguez,9/19/16,9/23/16,LAX,CA
286,Christine,Hayes,9/19/16,9/23/16,LAX,CA
287,Paul,Hughes,9/20/16,9/23/16,CLE,OH
288,Irene,Sims,9/19/16,9/23/16,JFK,NY
289,Alice,George,9/19/16,9/23/16,PDX,OR
290,Gloria,Morales,9/19/16,9/23/16,LAX,CA
291,Martha,Hunter,9/19/16,9/23/16,SAN,CA
292,Dennis,Garza,9/19/16,9/23/16,PDX,OR
293,Kevin,Parker,9/19/16,9/23/16,ATL,GA
294,Aaron,Grant,9/19/16,9/23/16,SFO,CA
295,Jose,Powell,9/19/16,9/23/16,CLE,OH
296,Larry,Williamson,9/20/16,9/23/16,LAX,CA
297,Timothy,Henry,9/20/16,9/23/16,ATL,GA
298,Kathy,Barnes,9/19/16,9/23/16,PDX,OR
299,Barbara,Stone,9/19/16,9/23/16,SAN,CA
300,Carlos,Moore,9/20/16,9/23/16,ATL,GA
301,Carl,Bradley,9/20/16,9/23/16,AUS,TX
302,Jason,Willis,9/20/16,9/23/16,SAN,CA
303,Linda,Ferguson,9/19/16,9/23/16,ORD,IL
304,Sean,Green,9/19/16,9/23/16,CLE,OH
305,Michelle,Burns,9/20/16,9/23/16,ORD,IL
306,William,Dunn,9/20/16,9/23/16,ATL,GA
307,Billy,Richards,9/19/16,9/23/16,SAN,CA
308,Alice,Garza,9/20/16,9/23/16,SAN,CA
309,Jose,Pierce,9/20/16,9/23/16,SAN,CA
310,Phillip,Perez,9/20/16,9/23/16,SAN,CA
311,Jeffrey,Mcdonald,9/20/16,9/23/16,SAN,CA
312,Stephen,Elliott,9/20/16,9/23/16,ATL,GA
313,Mildred,Wagner,9/19/16,9/23/16,JFK,NY
314,Henry,Ruiz,9/19/16,9/23/16,SAN,CA
315,Ryan,Peters,9/19/16,9/23/16,JFK,NY
316,Rebecca,Grant,9/19/16,9/23/16,ATL,GA
317,Russell,Sullivan,9/20/16,9/23/16,ATL,GA
318,Juan,Greene,9/19/16,9/23/16,AUS,TX
319,Kimberly,Brown,9/19/16,9/23/16,ORD,IL
320,Christine,Hunter,9/19/16,9/23/16,CLE,OH
321,Marilyn,Young,9/19/16,9/23/16,JFK,NY
322,Annie,Rice,9/20/16,9/23/16,ORD,IL
323,Teresa,Hudson,9/19/16,9/23/16,ORD,IL
324,Pamela,Oliver,9/20/16,9/23/16,AUS,TX
325,Joe,Bailey,9/19/16,9/23/16,CLE,OH
326,Henry,Wells,9/20/16,9/23/16,PDX,OR
327,John,Collins,9/20/16,9/23/16,AUS,TX
328,Gloria,Lynch,9/19/16,9/23/16,LAX,CA
329,Katherine,Moore,9/19/16,9/23/16,SAN,CA
330,Lisa,Anderson,9/20/16,9/23/16,PDX,OR
331,Nicole,Nichols,9/20/16,9/23/16,ORD,IL
332,Linda,Hayes,9/19/16,9/23/16,SFO,CA
333,Willie,King,9/19/16,9/23/16,SFO,CA
334,Chris,Wood,9/19/16,9/23/16,LAX,CA
335,Jonathan,Long,9/19/16,9/23/16,ORD,IL
336,Amy,Medina,9/19/16,9/23/16,LAX,CA
337,Anna,Henry,9/20/16,9/23/16,JFK,NY
338,Howard,Mitchell,9/20/16,9/23/16,ORD,IL
339,Eugene,Murray,9/20/16,9/23/16,ORD,IL
340,Joan,Simmons,9/20/16,9/23/16,SFO,CA
341,Robert,Hamilton,9/19/16,9/23/16,AUS,TX
342,Jeremy,Larson,9/19/16,9/23/16,JFK,NY
343,Chris,Walker,9/20/16,9/23/16,LAX,CA
344,William,Phillips,9/20/16,9/23/16,PDX,OR
345,Henry,Montgomery,9/20/16,9/23/16,ATL,GA
346,Rose,Shaw,9/19/16,9/23/16,ORD,IL
347,Lawrence,Young,9/20/16,9/23/16,SAN,CA
348,Ryan,Carpenter,9/20/16,9/23/16,ORD,IL
349,Katherine,Nichols,9/20/16,9/23/16,ATL,GA
350,Jean,Lynch,9/19/16,9/23/16,CLE,OH
351,Aaron,Morris,9/19/16,9/23/16,JFK,NY
352,Janice,Daniels,9/20/16,9/23/16,JFK,NY
353,Phillip,Robinson,9/20/16,9/23/16,JFK,NY
354,Samuel,Jones,9/19/16,9/23/16,CLE,OH
355,Peter,Payne,9/19/16,9/23/16,ATL,GA
356,Emily,Gibson,9/19/16,9/23/16,SFO,CA
357,Dennis,Roberts,9/20/16,9/23/16,PDX,OR
358,Melissa,Nichols,9/20/16,9/23/16,AUS,TX
359,Christina,Scott,9/19/16,9/23/16,SAN,CA
360,Sean,Davis,9/19/16,9/23/16,SAN,CA
361,Kelly,Russell,9/19/16,9/23/16,ATL,GA
362,Donna,Morris,9/19/16,9/23/16,JFK,NY
363,Ann,Carroll,9/20/16,9/23/16,AUS,TX
364,Jerry,Morris,9/19/16,9/23/16,SFO,CA
365,Eric,Kelly,9/20/16,9/23/16,SAN,CA
366,Shawn,Watkins,9/19/16,9/23/16,JFK,NY
367,William,Ramos,9/20/16,9/23/16,JFK,NY
368,Christine,Jenkins,9/19/16,9/23/16,LAX,CA
369,Catherine,Kim,9/20/16,9/23/16,CLE,OH
370,Steve,Bradley,9/19/16,9/23/16,LAX,CA
371,Ryan,Medina,9/19/16,9/23/16,AUS,TX
372,Scott,Payne,9/20/16,9/23/16,SFO,CA
373,Bobby,Reyes,9/20/16,9/23/16,SFO,CA
374,Willie,Ramos,9/20/16,9/23/16,PDX,OR
375,Sharon,Oliver,9/19/16,9/23/16,LAX,CA
376,Nicholas,Allen,9/20/16,9/23/16,JFK,NY
377,Brian,Porter,9/20/16,9/23/16,ATL,GA
378,Russell,Roberts,9/19/16,9/23/16,JFK,NY
379,Pamela,Myers,9/20/16,9/23/16,LAX,CA
380,Janice,Diaz,9/19/16,9/23/16,AUS,TX
381,Donald,Gutierrez,9/19/16,9/23/16,PDX,OR
382,Gary,Perez,9/20/16,9/23/16,JFK,NY
383,Diane,Perez,9/19/16,9/23/16,CLE,OH
384,Mary,Hudson,9/20/16,9/23/16,SFO,CA
385,Billy,Tucker,9/19/16,9/23/16,LAX,CA
386,Roy,Franklin,9/19/16,9/23/16,PDX,OR
387,Lisa,George,9/19/16,9/23/16,ORD,IL
388,Sean,Morales,9/19/16,9/23/16,LAX,CA
389,Shawn,Morris,9/19/16,9/23/16,ORD,IL
390,Jacqueline,Alexander,9/20/16,9/23/16,SFO,CA
391,Donald,Rivera,9/19/16,9/23/16,JFK,NY
392,Wanda,Anderson,9/19/16,9/23/16,ORD,IL
393,Daniel,Ross,9/20/16,9/23/16,LAX,CA
394,Todd,Kennedy,9/19/16,9/23/16,ATL,GA
395,Ronald,Lynch,9/19/16,9/23/16,ORD,IL
396,Brian,Ramos,9/20/16,9/23/16,LAX,CA
397,Elizabeth,Powell,9/20/16,9/23/16,SAN,CA
398,John,Spencer,9/20/16,9/23/16,AUS,TX
399,Annie,Wood,9/19/16,9/23/16,ORD,IL
400,Teresa,Morgan,9/19/16,9/23/16,CLE,OH
401,Donald,Williams,9/19/16,9/23/16,LAX,CA
402,Sharon,James,9/19/16,9/23/16,SAN,CA
403,Richard,Olson,9/20/16,9/23/16,PDX,OR
404,Bobby,Clark,9/19/16,9/23/16,AUS,TX
405,Alice,Mitchell,9/19/16,9/23/16,SFO,CA
406,Justin,Jones,9/19/16,9/23/16,PDX,OR
407,Arthur,Ward,9/20/16,9/23/16,AUS,TX
408,Amy,Rose,9/19/16,9/23/16,JFK,NY
409,Dorothy,Harvey,9/20/16,9/23/16,LAX,CA
410,Joseph,Hansen,9/20/16,9/23/16,ATL,GA
411,Carlos,Ray,9/20/16,9/23/16,JFK,NY
412,Jason,Berry,9/19/16,9/23/16,ATL,GA
413,Daniel,Carr,9/19/16,9/23/16,JFK,NY
414,Richard,Lewis,9/20/16,9/23/16,PDX,OR
415,Harold,Moore,9/20/16,9/23/16,CLE,OH
416,Victor,Fisher,9/20/16,9/23/16,ORD,IL
417,Sara,Medina,9/20/16,9/23/16,LAX,CA
418,Justin,Fisher,9/20/16,9/23/16,CLE,OH
419,Brian,Schmidt,9/19/16,9/23/16,ORD,IL
420,Nancy,Cooper,9/19/16,9/23/16,JFK,NY
421,Joseph,Fox,9/19/16,9/23/16,JFK,NY
422,Louis,Sullivan,9/19/16,9/23/16,ORD,IL
423,Aaron,Fisher,9/19/16,9/23/16,PDX,OR
424,Kenneth,Williams,9/19/16,9/23/16,SFO,CA
425,Sandra,Reynolds,9/20/16,9/23/16,PDX,CA
426,Joe,Torres,9/19/16,9/23/16,ORD,IL
427,Clarence,Garcia,9/19/16,9/23/16,AUS,TX
428,Fred,Little,9/19/16,9/23/16,CLE,OH
429,Karen,Gardner,9/20/16,9/23/16,JFK,NY
430,Jane,Fernandez,9/19/16,9/23/16,SAN,CA
431,Lisa,Powell,9/19/16,9/23/16,ORD,IL
432,Thomas,Garcia,9/20/16,9/23/16,JFK,NY
433,Norma,Johnston,9/19/16,9/23/16,LAX,CA
434,Laura,Marshall,9/19/16,9/23/16,CLE,OH
435,Clarence,Welch,9/20/16,9/23/16,PDX,OR
436,Philip,Bradley,9/20/16,9/23/16,ATL,GA
437,Nancy,Peters,9/19/16,9/23/16,SFO,CA
438,Roy,Harris,9/20/16,9/23/16,AUS,TX
439,Jessica,Hughes,9/19/16,9/23/16,LAX,CA
440,Eric,Edwards,9/20/16,9/23/16,SAN,CA
441,Ralph,Fields,9/20/16,9/23/16,LAX,CA
442,Jimmy,Welch,9/19/16,9/23/16,ORD,IL
443,Frank,Tucker,9/19/16,9/23/16,LAX,CA
444,Annie,Palmer,9/20/16,9/23/16,JFK,NY
445,Karen,Gonzalez,9/20/16,9/23/16,ATL,GA
446,Julia,Wallace,9/19/16,9/23/16,ATL,GA
447,Julie,Smith,9/19/16,9/23/16,ORD,IL
448,Daniel,Knight,9/19/16,9/23/16,JFK,NY
449,Dennis,Vasquez,9/19/16,9/23/16,ATL,GA
450,Sharon,Fuller,9/20/16,9/23/16,CLE,OH
451,Albert,Armstrong,9/19/16,9/23/16,ORD,IL
452,Ronald,Taylor,9/19/16,9/23/16,CLE,OH
453,Billy,Morgan,9/20/16,9/23/16,SFO,CA
454,Jacqueline,Day,9/20/16,9/23/16,PDX,OR
455,Sarah,Porter,9/19/16,9/23/16,ATL,GA
456,Jane,Castillo,9/19/16,9/23/16,ORD,IL
457,Ruth,Wright,9/20/16,9/23/16,LAX,CA
458,Christina,Jordan,9/19/16,9/23/16,AUS,TX
459,Dennis,Adams,9/19/16,9/23/16,PDX,OR
460,Billy,Williamson,9/19/16,9/23/16,LAX,CA
461,George,Mason,9/19/16,9/23/16,CLE,OH
462,Randy,Butler,9/19/16,9/23/16,SFO,CA
463,Russell,Woods,9/20/16,9/23/16,LAX,CA
464,Howard,White,9/20/16,9/23/16,ATL,GA
465,Judith,Price,9/19/16,9/23/16,ATL,GA
466,Catherine,Gray,9/19/16,9/23/16,JFK,NY
467,Joseph,Bowman,9/19/16,9/23/16,JFK,NY
468,Brandon,Patterson,9/19/16,9/23/16,CLE,OH
469,Jeffrey,Crawford,9/20/16,9/23/16,SFO,CA
470,Marie,Duncan,9/19/16,9/23/16,ATL,GA
471,Maria,Sanchez,9/20/16,9/23/16,AUS,CA
472,Helen,Willis,9/20/16,9/23/16,PDX,OR
473,Carl,Mcdonald,9/20/16,9/23/16,SFO,CA
474,Brandon,Gardner,9/20/16,9/23/16,LAX,CA
475,Arthur,Murray,9/19/16,9/23/16,CLE,OH
476,Roger,White,9/20/16,9/23/16,ATL,GA
477,Janet,Cole,9/19/16,9/23/16,ORD,IL
478,Craig,Fowler,9/19/16,9/23/16,SAN,CA
479,Laura,Hawkins,9/20/16,9/23/16,SFO,CA
480,Albert,Hall,9/20/16,9/23/16,SFO,CA
481,Christopher,Ramos,9/19/16,9/23/16,PDX,OR
482,Aaron,Daniels,9/19/16,9/23/16,SFO,CA
483,Kevin,Wells,9/20/16,9/23/16,ATL,GA
484,Anne,Myers,9/19/16,9/23/16,SAN,CA
485,Brenda,Armstrong,9/19/16,9/23/16,SAN,CA
486,Philip,Reid,9/19/16,9/23/16,AUS,TX
487,Judith,Hunter,9/19/16,9/23/16,PDX,OR
488,Lillian,Johnson,9/19/16,9/23/16,ORD,IL
489,Ann,Woods,9/20/16,9/23/16,LAX,CA
490,Frank,Kim,9/20/16,9/23/16,CLE,OH
491,Richard,Chavez,9/19/16,9/23/16,JFK,NY
492,Judy,Grant,9/19/16,9/23/16,AUS,TX
493,Jean,Martin,9/19/16,9/23/16,JFK,NY
494,Angela,Lopez,9/20/16,9/23/16,AUS,TX
495,Lois,Myers,9/19/16,9/23/16,ORD,IL
496,Victor,Clark,9/20/16,9/23/16,PDX,OR
497,Joan,Mendoza,9/20/16,9/23/16,AUS,TX
498,Kimberly,Anderson,9/19/16,9/23/16,AUS,TX
499,Adam,Sims,9/19/16,9/23/16,ORD,IL
500,Rebecca,Jordan,9/20/16,9/23/16,LAX,CA
501,Louis,Ryan,9/20/16,9/23/16,JFK,NY
502,James,Fowler,9/20/16,9/23/16,SAN,CA
503,Victor,Davis,9/19/16,9/23/16,CLE,OH
504,Lisa,Reed,9/20/16,9/23/16,JFK,NY
505,Paula,Nguyen,9/20/16,9/23/16,JFK,NY
506,Steven,Wagner,9/19/16,9/23/16,ATL,GA
507,Sharon,Ross,9/19/16,9/23/16,JFK,NY
508,Christina,Wallace,9/19/16,9/23/16,ATL,GA
509,Ruby,Cox,9/19/16,9/23/16,JFK,NY
510,Justin,Reyes,9/20/16,9/23/16,AUS,TX
511,Catherine,Murphy,9/19/16,9/23/16,AUS,TX
512,Melissa,Wood,9/19/16,9/23/16,LAX,CA
513,Clarence,Ruiz,9/19/16,9/23/16,CLE,OH
514,Steve,Boyd,9/20/16,9/23/16,SFO,CA
515,Jacqueline,Fernandez,9/20/16,9/23/16,SFO,CA
516,Michael,Ruiz,9/19/16,9/23/16,PDX,OR
517,Lori,Hamilton,9/19/16,9/23/16,AUS,TX
518,Keith,Cole,9/19/16,9/23/16,SFO,CA
519,Sarah,James,9/19/16,9/23/16,CLE,OH
520,Philip,Barnes,9/20/16,9/23/16,ORD,IL
521,Kevin,Gray,9/19/16,9/23/16,CLE,OH
522,Carlos,Andrews,9/20/16,9/23/16,SFO,CA
523,Martha,Alvarez,9/20/16,9/23/16,ATL,GA
524,Norma,Henry,9/20/16,9/23/16,JFK,NY
525,Annie,Diaz,9/19/16,9/23/16,JFK,NY
526,Timothy,Washington,9/19/16,9/23/16,JFK,NY
527,Joseph,Taylor,9/20/16,9/23/16,PDX,OR
528,Christine,Adams,9/20/16,9/23/16,PDX,OR
529,Carolyn,Willis,9/19/16,9/23/16,ATL,GA
530,Shawn,Porter,9/20/16,9/23/16,ORD,IL
531,Dennis,White,9/20/16,9/23/16,ORD,IL
532,Carol,Watkins,9/19/16,9/23/16,AUS,TX
533,Jeffrey,Castillo,9/20/16,9/23/16,AUS,TX
534,Robin,Cox,9/20/16,9/23/16,LAX,CA
535,Jeremy,Schmidt,9/20/16,9/23/16,SFO,CA
536,Lillian,Barnes,9/19/16,9/23/16,CLE,OH
537,Nicholas,Arnold,9/19/16,9/23/16,LAX,CA
538,Walter,Moreno,9/19/16,9/23/16,JFK,NY
539,George,Armstrong,9/19/16,9/23/16,CLE,OH
540,Louis,Stone,9/19/16,9/23/16,AUS,TX
541,Dorothy,Graham,9/20/16,9/23/16,AUS,TX
542,Bruce,Carpenter,9/20/16,9/23/16,JFK,NY
543,Christine,Myers,9/20/16,9/23/16,CLE,OH
544,Catherine,Grant,9/19/16,9/23/16,AUS,TX
545,Alan,Phillips,9/20/16,9/23/16,LAX,CA
546,Joe,Perkins,9/19/16,9/23/16,SAN,CA
547,Margaret,Dunn,9/20/16,9/23/16,SFO,CA
548,Jessica,Wood,9/20/16,9/23/16,CLE,OH
549,Pamela,Cooper,9/19/16,9/23/16,CLE,OH
550,William,Green,9/19/16,9/23/16,LAX,CA
551,Jose,Jones,9/19/16,9/23/16,ATL,GA
552,Nicole,Wallace,9/20/16,9/23/16,ORD,IL
553,Laura,Warren,9/20/16,9/23/16,SFO,CA
554,Carolyn,Bradley,9/19/16,9/23/16,JFK,NY
555,Stephen,Carter,9/19/16,9/23/16,JFK,NY
556,Mary,Gutierrez,9/20/16,9/23/16,SAN,CA
557,Anthony,Carr,9/19/16,9/23/16,LAX,CA
558,Chris,Bailey,9/19/16,9/23/16,ATL,GA
559,Edward,Fisher,9/19/16,9/23/16,CLE,OH
560,Willie,Hunter,9/19/16,9/23/16,SFO,CA
561,Melissa,Rodriguez,9/19/16,9/23/16,SAN,CA
562,Evelyn,Stewart,9/19/16,9/23/16,ORD,IL
563,Irene,Alexander,9/20/16,9/23/16,AUS,TX
564,Louise,Mason,9/19/16,9/23/16,JFK,NY
565,Henry,Collins,9/19/16,9/23/16,SAN,CA
566,Patrick,Mason,9/20/16,9/23/16,ATL,GA
567,Andrew,Harris,9/20/16,9/23/16,SFO,CA
568,Wanda,Perkins,9/20/16,9/23/16,LAX,CA
569,Karen,Black,9/19/16,9/23/16,LAX,CA
570,Evelyn,Fuller,9/19/16,9/23/16,AUS,TX
571,Jeffrey,Mason,9/19/16,9/23/16,SFO,CA
572,Catherine,Williams,9/20/16,9/23/16,CLE,OH
573,Clarence,Hunt,9/19/16,9/23/16,PDX,OR
574,Carol,Nguyen,9/20/16,9/23/16,JFK,NY
575,Joe,Collins,9/20/16,9/23/16,LAX,CA
576,Carolyn,Anderson,9/19/16,9/23/16,SFO,CA
577,Nancy,Williams,9/19/16,9/23/16,AUS,TX
578,Louise,Garrett,9/20/16,9/23/16,JFK,NY
579,Jack,Griffin,9/20/16,9/23/16,AUS,TX
580,Judy,Webb,9/19/16,9/23/16,SFO,CA
581,Kenneth,Evans,9/19/16,9/23/16,SAN,CA
582,Jean,Alexander,9/19/16,9/23/16,AUS,TX
583,Mark,Romero,9/20/16,9/23/16,CLE,OH
584,Stephen,Schmidt,9/19/16,9/23/16,PDX,OR
585,Patrick,Wright,9/19/16,9/23/16,PDX,OR
586,Pamela,Simpson,9/19/16,9/23/16,ATL,GA
587,Martha,Rose,9/19/16,9/23/16,JFK,NY
588,Jacqueline,Sanders,9/19/16,9/23/16,PDX,CA
589,Norma,Perkins,9/19/16,9/23/16,CLE,OH
590,Lillian,Brooks,9/19/16,9/23/16,AUS,TX
591,Juan,Rice,9/20/16,9/23/16,ORD,IL
592,Virginia,Brown,9/20/16,9/23/16,PDX,OR
593,Diane,Hill,9/19/16,9/23/16,JFK,NY
594,Carol,Gomez,9/20/16,9/23/16,ORD,IL
595,Julie,Wagner,9/19/16,9/23/16,SFO,CA
596,Dennis,Ryan,9/20/16,9/23/16,SAN,CA
597,Willie,Porter,9/20/16,9/23/16,ATL,GA
598,Kimberly,Murray,9/20/16,9/23/16,SFO,CA
599,Lori,Gutierrez,9/20/16,9/23/16,JFK,NY
600,Doris,Dunn,9/19/16,9/23/16,SAN,CA
601,Roger,Medina,9/19/16,9/23/16,ATL,GA
602,Janet,Stevens,9/20/16,9/23/16,SAN,CA
603,Patricia,Stanley,9/19/16,9/23/16,PDX,OR
604,Arthur,Moreno,9/19/16,9/23/16,ORD,IL
605,James,Adams,9/20/16,9/23/16,ORD,IL
606,Bruce,Graham,9/19/16,9/23/16,SFO,CA
607,James,Perry,9/20/16,9/23/16,ORD,IL
608,Lori,Welch,9/19/16,9/23/16,AUS,TX
609,Benjamin,Murphy,9/19/16,9/23/16,PDX,OR
610,Willie,Ryan,9/20/16,9/23/16,PDX,OR
611,Dennis,Gray,9/20/16,9/23/16,AUS,TX
612,Dennis,Carter,9/20/16,9/23/16,JFK,NY
613,George,Cunningham,9/19/16,9/23/16,ORD,IL
614,Ronald,Cooper,9/20/16,9/23/16,PDX,OR
615,Jeremy,Spencer,9/19/16,9/23/16,LAX,CA
616,Donna,Burke,9/19/16,9/23/16,CLE,OH
617,Phyllis,Crawford,9/20/16,9/23/16,ATL,GA
618,Matthew,Gardner,9/20/16,9/23/16,AUS,TX
619,Randy,Berry,9/19/16,9/23/16,ORD,IL
620,Stephen,Carr,9/20/16,9/23/16,AUS,TX
621,Todd,Moreno,9/19/16,9/23/16,LAX,CA
622,Julie,Bradley,9/20/16,9/23/16,ORD,IL
623,Ronald,Martin,9/19/16,9/23/16,SFO,CA
624,Norma,Watkins,9/19/16,9/23/16,CLE,OH
625,Marilyn,Riley,9/20/16,9/23/16,SFO,CA
626,Laura,Martin,9/20/16,9/23/16,SFO,CA
627,Lisa,Hernandez,9/20/16,9/23/16,CLE,OH
628,Sharon,Porter,9/20/16,9/23/16,JFK,NY
629,Teresa,Rivera,9/19/16,9/23/16,PDX,OR
630,Cynthia,Robertson,9/19/16,9/23/16,ORD,IL
631,Brandon,Welch,9/20/16,9/23/16,ORD,IL
632,Christina,Chapman,9/20/16,9/23/16,AUS,TX
633,Joshua,Griffin,9/19/16,9/23/16,CLE,OH
634,Gerald,Cook,9/19/16,9/23/16,JFK,NY
635,Fred,Scott,9/20/16,9/23/16,JFK,NY
636,Bonnie,Torres,9/20/16,9/23/16,ATL,GA
637,Anne,Jackson,9/20/16,9/23/16,AUS,TX
638,Kelly,Gilbert,9/19/16,9/23/16,LAX,CA
639,Todd,Patterson,9/19/16,9/23/16,ATL,GA
640,Denise,Gibson,9/20/16,9/23/16,ORD,IL
641,Mildred,Murphy,9/19/16,9/23/16,SAN,CA
642,Tina,Hernandez,9/20/16,9/23/16,ATL,GA
643,Howard,Wood,9/19/16,9/23/16,ORD,IL
644,Marie,Wright,9/19/16,9/23/16,LAX,CA
645,William,Mitchell,9/20/16,9/23/16,JFK,NY
646,Janice,Gardner,9/19/16,9/23/16,ATL,GA
647,Jeremy,Gonzalez,9/20/16,9/23/16,PDX,OR
648,Joshua,Carpenter,9/20/16,9/23/16,ORD,IL
649,Pamela,Gibson,9/20/16,9/23/16,LAX,CA
650,Virginia,Fernandez,9/19/16,9/23/16,ORD,IL
651,Edward,Dean,9/19/16,9/23/16,AUS,TX
652,Ruby,Owens,9/19/16,9/23/16,SAN,CA
653,Frances,Ramos,9/19/16,9/23/16,ORD,IL
654,Earl,White,9/20/16,9/23/16,SAN,CA
655,Christina,Moreno,9/20/16,9/23/16,LAX,CA
656,Marie,Stanley,9/19/16,9/23/16,JFK,NY
657,Linda,Spencer,9/20/16,9/23/16,ATL,GA
658,Jane,Nelson,9/19/16,9/23/16,ATL,GA
659,Todd,Richards,9/20/16,9/23/16,SAN,CA
660,Samuel,Howard,9/20/16,9/23/16,AUS,TX
661,Carolyn,Hunt,9/20/16,9/23/16,PDX,OR
662,Edward,Gonzales,9/20/16,9/23/16,SAN,CA
663,Benjamin,Fisher,9/20/16,9/23/16,PDX,OR
664,Harold,Fuller,9/19/16,9/23/16,SAN,CA
665,Barbara,Gomez,9/19/16,9/23/16,LAX,CA
666,Doris,Collins,9/20/16,9/23/16,ATL,GA
667,Randy,Stephens,9/20/16,9/23/16,AUS,TX
668,Carl,Torres,9/20/16,9/23/16,SFO,CA
669,Harry,Bowman,9/19/16,9/23/16,AUS,TX
670,Fred,Hart,9/19/16,9/23/16,LAX,CA
671,Richard,Thompson,9/19/16,9/23/16,JFK,NY
672,Mildred,Crawford,9/19/16,9/23/16,JFK,NY
673,Thomas,Bishop,9/20/16,9/23/16,PDX,OR
674,Henry,Gonzales,9/19/16,9/23/16,LAX,CA
675,Angela,Davis,9/19/16,9/23/16,ORD,IL
676,Jerry,Lawson,9/20/16,9/23/16,LAX,CA
677,Kimberly,Hudson,9/20/16,9/23/16,SFO,CA
678,Paul,Wheeler,9/19/16,9/23/16,ORD,IL
679,Louis,Lawson,9/20/16,9/23/16,JFK,NY
680,Jacqueline,Patterson,9/20/16,9/23/16,AUS,TX
681,Timothy,Collins,9/19/16,9/23/16,SFO,CA
682,Larry,Lopez,9/20/16,9/23/16,CLE,OH
683,Ruth,Long,9/20/16,9/23/16,LAX,CA
684,Carolyn,West,9/20/16,9/23/16,LAX,CA
685,Brian,Mccoy,9/20/16,9/23/16,SAN,CA
686,Kathleen,Watson,9/19/16,9/23/16,PDX,OR
687,Stephanie,Nelson,9/20/16,9/23/16,SFO,CA
688,Jennifer,Wood,9/20/16,9/23/16,LAX,CA
689,Carlos,Hernandez,9/19/16,9/23/16,ATL,GA
690,Laura,Carpenter,9/20/16,9/23/16,JFK,NY
691,Andrew,Jones,9/19/16,9/23/16,CLE,OH
692,Christine,Hanson,9/20/16,9/23/16,LAX,CA
693,John,Black,9/19/16,9/23/16,AUS,TX
694,Edward,Scott,9/19/16,9/23/16,ATL,GA
695,Randy,Martin,9/20/16,9/23/16,LAX,CA
696,Donald,Ward,9/20/16,9/23/16,AUS,TX
697,Jack,Schmidt,9/20/16,9/23/16,LAX,CA
698,Daniel,Willis,9/20/16,9/23/16,ATL,GA
699,Andrew,Ryan,9/19/16,9/23/16,SAN,CA
700,Kathleen,Simpson,9/19/16,9/23/16,AUS,TX
701,Jane,Little,9/19/16,9/23/16,SAN,CA
702,Sarah,Welch,9/19/16,9/23/16,ATL,GA
703,Linda,Jones,9/19/16,9/23/16,ORD,IL
704,Ralph,Bailey,9/19/16,9/23/16,PDX,OR
705,Jimmy,Campbell,9/20/16,9/23/16,SFO,CA
706,Deborah,Myers,9/19/16,9/23/16,AUS,TX
707,Joseph,Ferguson,9/19/16,9/23/16,PDX,OR
708,Victor,Williams,9/20/16,9/23/16,ORD,IL
709,Ruby,Brooks,9/20/16,9/23/16,JFK,NY
710,Raymond,Ruiz,9/19/16,9/23/16,SFO,CA
711,Phyllis,Thompson,9/20/16,9/23/16,SAN,CA
712,Mildred,Garza,9/19/16,9/23/16,AUS,TX
713,Lois,James,9/20/16,9/23/16,ORD,IL
714,Eric,Hayes,9/20/16,9/23/16,ATL,GA
715,Antonio,Mendoza,9/20/16,9/23/16,CLE,OH
716,Sean,Collins,9/19/16,9/23/16,JFK,NY
717,Bruce,Rivera,9/19/16,9/23/16,ORD,IL
718,Fred,Tucker,9/19/16,9/23/16,CLE,OH
719,Phillip,Nelson,9/19/16,9/23/16,LAX,CA
720,Donald,Welch,9/20/16,9/23/16,AUS,TX
721,Ruby,Bailey,9/19/16,9/23/16,ORD,IL
722,Johnny,Miller,9/20/16,9/23/16,AUS,TX
723,Jimmy,Grant,9/20/16,9/23/16,LAX,CA
724,Angela,Hanson,9/19/16,9/23/16,LAX,CA
725,Stephanie,Morgan,9/20/16,9/23/16,LAX,CA
726,Deborah,Webb,9/20/16,9/23/16,LAX,CA
727,Linda,Fields,9/19/16,9/23/16,ATL,GA
728,Brandon,Shaw,9/20/16,9/23/16,AUS,TX
729,Philip,Gray,9/19/16,9/23/16,LAX,CA
730,Jane,Riley,9/19/16,9/23/16,CLE,OH
731,Cynthia,Little,9/19/16,9/23/16,CLE,OH
732,Harry,Bailey,9/19/16,9/23/16,JFK,NY
733,Elizabeth,Simpson,9/19/16,9/23/16,SAN,CA
734,Janice,Watson,9/20/16,9/23/16,ATL,GA
735,Michael,Jenkins,9/19/16,9/23/16,ORD,IL
736,Christopher,Long,9/20/16,9/23/16,CLE,OH
737,Shirley,Meyer,9/19/16,9/23/16,ORD,IL
738,Stephen,Jenkins,9/19/16,9/23/16,LAX,CA
739,Harold,Flores,9/19/16,9/23/16,PDX,OR
740,Kenneth,Thomas,9/19/16,9/23/16,SFO,CA
741,Louis,Montgomery,9/20/16,9/23/16,LAX,CA
742,Samuel,Hunter,9/20/16,9/23/16,SFO,CA
743,Frank,Gardner,9/20/16,9/23/16,SAN,CA
744,Wayne,Ford,9/20/16,9/23/16,PDX,OR
745,Christine,Bennett,9/19/16,9/23/16,PDX,OR
746,Kevin,Bishop,9/19/16,9/23/16,ORD,IL
747,Carol,Cunningham,9/19/16,9/23/16,JFK,NY
748,Edward,Wells,9/20/16,9/23/16,LAX,CA
749,Theresa,Robinson,9/19/16,9/23/16,CLE,OH
750,Elizabeth,Alvarez,9/19/16,9/23/16,ORD,IL
751,Amanda,Ruiz,9/19/16,9/23/16,PDX,OR
752,Kimberly,Ryan,9/19/16,9/23/16,LAX,CA
753,Steve,Fowler,9/19/16,9/23/16,SFO,CA
754,Dorothy,Robertson,9/19/16,9/23/16,AUS,TX
755,Billy,Harvey,9/19/16,9/23/16,JFK,NY
756,Jerry,Palmer,9/19/16,9/23/16,PDX,OR
757,Dennis,Fowler,9/20/16,9/23/16,JFK,NY
758,Kelly,Robinson,9/20/16,9/23/16,CLE,OH
759,Mary,Schmidt,9/20/16,9/23/16,JFK,NY
760,Craig,Stewart,9/20/16,9/23/16,SFO,CA
761,Lawrence,Perry,9/20/16,9/23/16,SFO,CA
762,Daniel,Fields,9/20/16,9/23/16,PDX,OR
763,Gloria,Day,9/20/16,9/23/16,JFK,NY
764,Larry,Cunningham,9/20/16,9/23/16,ATL,GA
765,Louise,Russell,9/20/16,9/23/16,AUS,TX
766,Jerry,Lynch,9/20/16,9/23/16,SFO,CA
767,Frank,White,9/19/16,9/23/16,ORD,IL
768,James,Gutierrez,9/19/16,9/23/16,JFK,NY
769,Martha,Gibson,9/19/16,9/23/16,ORD,IL
770,Maria,Weaver,9/20/16,9/23/16,PDX,OR
771,Catherine,Mendoza,9/19/16,9/23/16,LAX,CA
772,Jimmy,Ford,9/20/16,9/23/16,ORD,IL
773,Eugene,Turner,9/20/16,9/23/16,AUS,TX
774,Edward,Duncan,9/20/16,9/23/16,LAX,CA
775,Martin,Moreno,9/20/16,9/23/16,ATL,GA
776,Tammy,Ray,9/19/16,9/23/16,SFO,CA
777,Donna,Walker,9/20/16,9/23/16,ATL,GA
778,Eric,Torres,9/19/16,9/23/16,SAN,CA
779,Cynthia,Kim,9/20/16,9/23/16,SFO,CA
780,Paula,Harper,9/19/16,9/23/16,JFK,NY
781,Russell,Hayes,9/20/16,9/23/16,JFK,NY
782,Stephanie,Cook,9/20/16,9/23/16,AUS,TX
783,Sean,Knight,9/20/16,9/23/16,AUS,TX
784,Nicholas,Howard,9/19/16,9/23/16,ORD,IL
785,Alice,Palmer,9/19/16,9/23/16,SFO,CA
786,Mary,Cruz,9/19/16,9/23/16,ORD,IL
787,Martha,Hamilton,9/19/16,9/23/16,SAN,CA
788,Carlos,Moore,9/20/16,9/23/16,CLE,OH
789,Margaret,Holmes,9/20/16,9/23/16,CLE,OH
790,Eugene,Phillips,9/20/16,9/23/16,ORD,IL
791,Heather,Butler,9/19/16,9/23/16,SAN,CA
792,Patricia,Austin,9/19/16,9/23/16,SFO,CA
793,Earl,Boyd,9/19/16,9/23/16,AUS,TX
794,Theresa,Ford,9/19/16,9/23/16,CLE,OH
795,Nancy,Gibson,9/20/16,9/23/16,JFK,NY
796,Ronald,Brown,9/20/16,9/23/16,ORD,IL
797,Phyllis,Nichols,9/20/16,9/23/16,CLE,OH
798,Nicole,Ellis,9/20/16,9/23/16,SAN,CA
799,Eugene,Diaz,9/19/16,9/23/16,PDX,OR
800,Jacqueline,Fowler,9/19/16,9/23/16,ATL,GA
801,Ralph,Lee,9/19/16,9/23/16,CLE,OH
802,Craig,Lawson,9/19/16,9/23/16,AUS,TX
803,Christopher,Peters,9/20/16,9/23/16,SAN,CA
804,Louis,Carter,9/20/16,9/23/16,ORD,IL
805,George,Wood,9/20/16,9/23/16,ATL,GA
806,Frank,Carr,9/19/16,9/23/16,LAX,CA
807,Jean,Campbell,9/19/16,9/23/16,AUS,TX
808,Margaret,Fuller,9/20/16,9/23/16,SFO,CA
809,Cheryl,Lane,9/19/16,9/23/16,ORD,IL
810,Tina,Wallace,9/20/16,9/23/16,JFK,NY
811,Wanda,Tucker,9/20/16,9/23/16,CLE,OH
812,Frank,Lopez,9/19/16,9/23/16,ORD,IL
813,Clarence,Knight,9/19/16,9/23/16,ORD,IL
814,Larry,Murray,9/20/16,9/23/16,SFO,CA
815,Katherine,Wagner,9/20/16,9/23/16,ORD,IL
816,Sharon,Roberts,9/19/16,9/23/16,AUS,TX
817,Carl,Myers,9/20/16,9/23/16,PDX,OR
818,Nicole,Warren,9/20/16,9/23/16,SAN,CA
819,Patrick,Wagner,9/19/16,9/23/16,JFK,NY
820,Justin,Montgomery,9/20/16,9/23/16,JFK,NY
821,Marilyn,Wallace,9/20/16,9/23/16,ATL,GA
822,Harold,Howell,9/20/16,9/23/16,JFK,NY
823,Eric,Gomez,9/19/16,9/23/16,SAN,CA
824,John,Coleman,9/19/16,9/23/16,ORD,IL
825,Virginia,Snyder,9/19/16,9/23/16,SAN,CA
826,Ernest,Frazier,9/19/16,9/23/16,ATL,GA
827,Annie,Moore,9/19/16,9/23/16,ATL,GA
828,Gloria,Scott,9/20/16,9/23/16,CLE,OH
829,Jean,Perry,9/20/16,9/23/16,ATL,GA
830,Bruce,Bell,9/19/16,9/23/16,JFK,NY
831,Kathleen,Moreno,9/19/16,9/23/16,SFO,CA
832,Pamela,Hart,9/19/16,9/23/16,CLE,OH
833,Christina,Snyder,9/19/16,9/23/16,ATL,GA
834,Nicole,Austin,9/20/16,9/23/16,AUS,TX
835,Teresa,Ward,9/19/16,9/23/16,SFO,CA
836,Larry,Diaz,9/20/16,9/23/16,ORD,IL
837,Robin,Simpson,9/20/16,9/23/16,ATL,GA
838,Jason,Barnes,9/19/16,9/23/16,ORD,IL
839,Maria,Kennedy,9/19/16,9/23/16,ATL,GA
840,Kathy,Stanley,9/19/16,9/23/16,SFO,CA
841,Gerald,Chapman,9/20/16,9/23/16,AUS,TX
842,George,Cook,9/20/16,9/23/16,JFK,NY
843,Kimberly,Knight,9/20/16,9/23/16,CLE,OH
844,Clarence,Welch,9/20/16,9/23/16,ATL,GA
845,Tammy,Fisher,9/20/16,9/23/16,AUS,TX
846,Judy,Howell,9/19/16,9/23/16,JFK,NY
847,Martha,Cooper,9/20/16,9/23/16,PDX,OR
848,Nicole,Shaw,9/20/16,9/23/16,PDX,OR
849,Christina,Grant,9/20/16,9/23/16,CLE,OH
850,Martin,Kennedy,9/19/16,9/23/16,ORD,IL
851,Carl,Snyder,9/19/16,9/23/16,LAX,CA
852,Russell,Long,9/20/16,9/23/16,SAN,CA
853,Ryan,Alvarez,9/19/16,9/23/16,PDX,OR
854,Frances,Lawrence,9/19/16,9/23/16,CLE,OH
855,Anne,Green,9/20/16,9/23/16,LAX,CA
856,Patrick,Fernandez,9/20/16,9/23/16,CLE,OH
857,Antonio,Hansen,9/19/16,9/23/16,JFK,NY
858,Timothy,Sullivan,9/20/16,9/23/16,PDX,OR
859,Victor,Frazier,9/19/16,9/23/16,PDX,OR
860,Heather,Watson,9/20/16,9/23/16,SFO,CA
861,Billy,Flores,9/19/16,9/23/16,AUS,TX
862,Ashley,Austin,9/20/16,9/23/16,LAX,TX
863,Steve,Williams,9/19/16,9/23/16,SFO,CA
864,Timothy,Elliott,9/19/16,9/23/16,JFK,NY
865,Kenneth,King,9/19/16,9/23/16,CLE,OH
866,Janet,Campbell,9/20/16,9/23/16,ORD,IL
867,Sara,Kim,9/20/16,9/23/16,LAX,CA
868,Louise,Evans,9/20/16,9/23/16,SFO,CA
869,Gloria,Richardson,9/20/16,9/23/16,LAX,CA
870,Debra,Dean,9/19/16,9/23/16,AUS,TX
871,Lisa,Matthews,9/20/16,9/23/16,SAN,CA
872,Eric,Johnson,9/20/16,9/23/16,JFK,NY
873,Steve,Long,9/20/16,9/23/16,LAX,CA
874,Diane,Dunn,9/19/16,9/23/16,AUS,TX
875,Carolyn,Castillo,9/19/16,9/23/16,CLE,OH
876,Nicole,Anderson,9/19/16,9/23/16,LAX,CA
877,Gregory,Fowler,9/20/16,9/23/16,JFK,NY
878,Marilyn,Palmer,9/20/16,9/23/16,ORD,IL
879,Carolyn,Turner,9/20/16,9/23/16,LAX,CA
880,Mary,Duncan,9/19/16,9/23/16,ATL,GA
881,Norma,Watkins,9/19/16,9/23/16,JFK,NY
882,Lawrence,Gordon,9/20/16,9/23/16,CLE,OH
883,Evelyn,Williamson,9/19/16,9/23/16,AUS,TX
884,Brian,Marshall,9/20/16,9/23/16,LAX,CA
885,Ronald,Porter,9/20/16,9/23/16,ORD,IL
886,Helen,Simpson,9/20/16,9/23/16,LAX,CA
887,Craig,Harrison,9/20/16,9/23/16,JFK,NY
888,Janice,Sanders,9/20/16,9/23/16,ORD,CA
889,Alice,Austin,9/20/16,9/23/16,CLE,OH
890,Arthur,Rice,9/20/16,9/23/16,JFK,NY
891,Roy,Nichols,9/19/16,9/23/16,SFO,CA
892,Susan,Smith,9/19/16,9/23/16,ORD,IL
893,Theresa,Ferguson,9/20/16,9/23/16,ATL,GA
894,Carl,Payne,9/19/16,9/23/16,PDX,OR
895,Diana,Gray,9/19/16,9/23/16,PDX,OR
896,Elizabeth,Wagner,9/20/16,9/23/16,LAX,CA
897,John,Lynch,9/20/16,9/23/16,PDX,OR
898,Norma,Jackson,9/20/16,9/23/16,ATL,GA
899,Angela,Perry,9/20/16,9/23/16,SAN,CA
900,Wayne,Holmes,9/19/16,9/23/16,SAN,CA
901,Emily,Ruiz,9/19/16,9/23/16,ATL,GA
902,Richard,Bryant,9/20/16,9/23/16,SAN,CA
903,Raymond,Wilson,9/20/16,9/23/16,JFK,NY
904,Jacqueline,Campbell,9/20/16,9/23/16,ATL,GA
905,Emily,Walker,9/20/16,9/23/16,PDX,OR
906,Craig,Murphy,9/20/16,9/23/16,CLE,OH
907,Doris,King,9/20/16,9/23/16,AUS,TX
908,Brandon,Sullivan,9/20/16,9/23/16,SAN,CA
909,Judith,Marshall,9/20/16,9/23/16,SFO,CA
910,Ruby,Shaw,9/19/16,9/23/16,PDX,OR
911,Joshua,Gray,9/19/16,9/23/16,LAX,CA
912,Jimmy,Moreno,9/19/16,9/23/16,ORD,IL
913,Norma,Holmes,9/19/16,9/23/16,SAN,CA
914,Cheryl,Henderson,9/20/16,9/23/16,SAN,CA
915,Lori,Wilson,9/20/16,9/23/16,AUS,TX
916,Karen,Collins,9/20/16,9/23/16,ORD,IL
917,Lisa,Simpson,9/19/16,9/23/16,SAN,CA
918,Annie,Price,9/20/16,9/23/16,LAX,CA
919,David,Stephens,9/20/16,9/23/16,SAN,CA
920,Ryan,Green,9/20/16,9/23/16,ORD,IL
921,Ronald,Thompson,9/19/16,9/23/16,SAN,CA
922,Scott,Campbell,9/20/16,9/23/16,AUS,TX
923,Daniel,Reynolds,9/19/16,9/23/16,JFK,NY
924,Scott,Harris,9/20/16,9/23/16,ORD,IL
925,Dennis,Jacobs,9/19/16,9/23/16,JFK,NY
926,Jerry,Carter,9/19/16,9/23/16,ATL,GA
927,Janet,Burton,9/20/16,9/23/16,LAX,CA
928,Evelyn,Bradley,9/20/16,9/23/16,AUS,TX
929,Deborah,Myers,9/19/16,9/23/16,SAN,CA
930,Pamela,Long,9/19/16,9/23/16,PDX,OR
931,Deborah,Coleman,9/19/16,9/23/16,PDX,OR
932,Albert,Sullivan,9/20/16,9/23/16,AUS,TX
933,Emily,Meyer,9/19/16,9/23/16,LAX,CA
934,Sara,Gray,9/19/16,9/23/16,CLE,OH
935,Todd,Bell,9/19/16,9/23/16,JFK,NY
936,Beverly,Chavez,9/20/16,9/23/16,SFO,CA
937,Kimberly,Gilbert,9/20/16,9/23/16,SFO,CA
938,Marie,Stanley,9/20/16,9/23/16,LAX,CA
939,Angela,Carr,9/20/16,9/23/16,AUS,TX
940,Catherine,Price,9/20/16,9/23/16,PDX,OR
941,James,Morris,9/20/16,9/23/16,ATL,GA
942,Aaron,Greene,9/20/16,9/23/16,ATL,GA
943,Lawrence,Rogers,9/20/16,9/23/16,SFO,CA
944,William,Ruiz,9/20/16,9/23/16,JFK,NY
945,Nancy,Bradley,9/19/16,9/23/16,SFO,CA
946,Sandra,Diaz,9/19/16,9/23/16,PDX,CA
947,Emily,Reynolds,9/20/16,9/23/16,ATL,GA
948,Julia,Spencer,9/20/16,9/23/16,SAN,CA
949,Robert,Butler,9/20/16,9/23/16,SFO,CA
950,Adam,Morris,9/19/16,9/23/16,LAX,CA
951,Kelly,Bryant,9/19/16,9/23/16,PDX,OR
952,Harry,Bowman,9/19/16,9/23/16,LAX,CA
953,Keith,Smith,9/19/16,9/23/16,PDX,OR
954,Paula,Hernandez,9/19/16,9/23/16,ORD,IL
955,Carlos,Cruz,9/19/16,9/23/16,ATL,GA
956,Carl,Gonzalez,9/20/16,9/23/16,CLE,OH
957,Virginia,Henderson,9/19/16,9/23/16,LAX,CA
958,Albert,Woods,9/19/16,9/23/16,PDX,OR
959,Patrick,Gomez,9/19/16,9/23/16,SFO,CA
960,Ruth,Jackson,9/20/16,9/23/16,AUS,TX
961,Phillip,Mccoy,9/20/16,9/23/16,AUS,TX
962,Teresa,Black,9/19/16,9/23/16,SAN,CA
963,Susan,Bradley,9/19/16,9/23/16,LAX,CA
964,Denise,Wilson,9/19/16,9/23/16,JFK,NY
965,Roger,Wright,9/19/16,9/23/16,AUS,TX
966,Brenda,Mendoza,9/20/16,9/23/16,ATL,GA
967,Judith,Schmidt,9/19/16,9/23/16,LAX,CA
968,Douglas,Marshall,9/19/16,9/23/16,SAN,CA
969,Lillian,Long,9/20/16,9/23/16,CLE,OH
970,Richard,Flores,9/19/16,9/23/16,CLE,OH
971,Shawn,Lane,9/19/16,9/23/16,ORD,IL
972,Joan,Harrison,9/20/16,9/23/16,ATL,GA
973,Mark,Garcia,9/19/16,9/23/16,SFO,CA
974,Michael,Price,9/20/16,9/23/16,SFO,CA
975,Judith,Simmons,9/19/16,9/23/16,SFO,CA
976,Sharon,Perez,9/19/16,9/23/16,PDX,OR
977,Norma,Hicks,9/20/16,9/23/16,AUS,TX
978,Jane,Smith,9/19/16,9/23/16,SFO,CA
979,Nicole,Scott,9/19/16,9/23/16,ORD,IL
980,Dennis,Brooks,9/20/16,9/23/16,SAN,CA
981,Benjamin,Griffin,9/19/16,9/23/16,SFO,CA
982,Johnny,Fowler,9/19/16,9/23/16,JFK,NY
983,Christine,Romero,9/20/16,9/23/16,ORD,IL
984,Virginia,James,9/20/16,9/23/16,ORD,IL
985,Laura,Mccoy,9/20/16,9/23/16,PDX,OR
986,Louise,West,9/20/16,9/23/16,SFO,CA
987,Kathleen,Mendoza,9/20/16,9/23/16,CLE,OH
988,Anne,Jenkins,9/20/16,9/23/16,PDX,OR
989,Jason,Cooper,9/19/16,9/23/16,ATL,GA
990,Jane,Hanson,9/19/16,9/23/16,JFK,NY
991,Phillip,Harper,9/19/16,9/23/16,SAN,CA
992,Shirley,Hunt,9/19/16,9/23/16,CLE,OH
993,Richard,Lopez,9/20/16,9/23/16,AUS,TX
994,Billy,Porter,9/20/16,9/23/16,ATL,GA
995,Scott,Hart,9/20/16,9/23/16,CLE,OH
996,Susan,Grant,9/20/16,9/23/16,PDX,OR
997,Pamela,Nichols,9/20/16,9/23/16,PDX,OR
998,Pamela,Matthews,9/20/16,9/23/16,ORD,IL
999,Nicholas,Grant,9/19/16,9/23/16,ATL,GA
1000,Christina,Burton,9/19/16,9/23/16,JFK,NY